<?xml version="1.0" encoding="utf-8"?>
<FolderOptions clsid="{8AB5F5D7-F676-48ab-A94E-1186E120EFDC}"><GlobalFolderOptionsVista clsid="{DBF1E3CD-4CA2-407c-BE84-5F67D3BE754D}" name="Folder Options (At least Windows Vista)" changed="2024-08-06 14:22:09" uid="{E423DF81-074F-44DA-B355-EEFE6B709F04}" userContext="1" removePolicy="0"><Filters><FilterCollection hidden="1" bool="AND" not="0"><FilterOs hidden="1" not="1" bool="AND" class="NT" version="XP" type="NE" edition="NE" sp="NE"/><FilterOs hidden="1" not="1" bool="AND" class="NT" version="2K3" type="NE" edition="NE" sp="NE"/><FilterOs hidden="1" not="1" bool="AND" class="NT" version="2K3R2" type="NE" edition="NE" sp="NE"/></FilterCollection></Filters><Properties alwaysShowIcons="0" alwaysShowMenus="0" displayIconThumb="1" displayFileSize="1" displaySimpleFolders="1" fullPath="1" hidden="SHOW" hideFileExt="0" showSuperHidden="1" separateProcess="0" classicViewState="0" persistBrowsers="0" showDriveLetter="0" showCompColor="1" showInfoTip="1" showPreviewHandlers="1" useCheckBoxes="0" useSharingWizard="1" listViewTyping="SELECT"/></GlobalFolderOptionsVista>
</FolderOptions>
