<?xml version="1.0" encoding="utf-8"?>
<Files clsid="{215B2E53-57CE-475c-80FE-9EEC14635851}"><File clsid="{50BE44C8-567A-4ed1-B1D0-9234FE1F38AF}" name="img0.jpg" status="img0.jpg" image="3" changed="2024-08-06 11:48:53" uid="{8D17C127-4CB4-4803-9CAA-887DCCDC076A}"><Properties action="D" targetPath="C:\Windows\Web\Wallpaper\Windows\img0.jpg" readOnly="0" archive="1" hidden="0" suppress="0"/></File>
	<File clsid="{50BE44C8-567A-4ed1-B1D0-9234FE1F38AF}" name="img1.jpg" status="img1.jpg" image="3" changed="2024-08-06 11:49:22" uid="{54C327DF-AD8F-4CBD-8D13-CF44A40FF166}"><Properties action="D" targetPath="C:\Windows\Web\Wallpaper\Theme1\img1.jpg" readOnly="0" archive="1" hidden="0" suppress="0"/></File>
	<File clsid="{50BE44C8-567A-4ed1-B1D0-9234FE1F38AF}" name="img2.jpg" status="img2.jpg" image="3" changed="2024-08-06 11:49:33" uid="{A8291926-40F3-452D-AF0C-87840E69D83B}"><Properties action="D" targetPath="C:\Windows\Web\Wallpaper\Theme1\img2.jpg" readOnly="0" archive="1" hidden="0" suppress="0"/></File>
	<File clsid="{50BE44C8-567A-4ed1-B1D0-9234FE1F38AF}" name="img3.jpg" status="img3.jpg" image="3" changed="2024-08-06 11:49:49" uid="{D54E7D13-BA88-41D4-8C8F-C9275C965ECE}"><Properties action="D" targetPath="C:\Windows\Web\Wallpaper\Theme1\img3.jpg" readOnly="0" archive="1" hidden="0" suppress="0"/></File>
	<File clsid="{50BE44C8-567A-4ed1-B1D0-9234FE1F38AF}" name="img4.jpg" status="img4.jpg" image="3" changed="2024-08-06 11:49:59" uid="{104FE8DA-C330-41EA-8A4A-A5E9D41F5DC7}"><Properties action="D" targetPath="C:\Windows\Web\Wallpaper\Theme1\img4.jpg" readOnly="0" archive="1" hidden="0" suppress="0"/></File>
	<File clsid="{50BE44C8-567A-4ed1-B1D0-9234FE1F38AF}" name="img13.jpg" status="img13.jpg" image="3" changed="2024-08-06 11:50:09" uid="{34514417-E83C-478C-8E4C-FC75A6F97CA5}"><Properties action="D" targetPath="C:\Windows\Web\Wallpaper\Theme1\img13.jpg" readOnly="0" archive="1" hidden="0" suppress="0"/></File>
</Files>
