<BackupInst xmlns="http://www.microsoft.com/GroupPolicy/GPOOperations/Manifest"><GPOGuid><![CDATA[{31B2F340-016D-11D2-945F-00C04FB984F9}]]></GPOGuid><GPODomain><![CDATA[cs.org]]></GPODomain><GPODomainGuid><![CDATA[{faf2b58b-d575-40e5-9f64-df4c1a743cfb}]]></GPODomainGuid><GPODomainController><![CDATA[ADTEST1.cs.org]]></GPODomainController><BackupTime><![CDATA[2024-08-06T14:22:44]]></BackupTime><ID><![CDATA[{46CF0AFB-2E87-4523-8495-1CCDD12947EC}]]></ID><Comment><![CDATA[DefaultDomainPolicyWeakened]]></Comment><GPODisplayName><![CDATA[Default Domain Policy]]></GPODisplayName></BackupInst>
