<?xml version="1.0" encoding="utf-8"?><!-- Copyright (c) Microsoft Corporation.  All rights reserved. --><GroupPolicyBackupScheme bkp:version="2.0" bkp:type="GroupPolicyBackupTemplate" xmlns:bkp="http://www.microsoft.com/GroupPolicy/GPOOperations" xmlns="http://www.microsoft.com/GroupPolicy/GPOOperations">
    <GroupPolicyObject><SecurityGroups><Group><Sid/><SamAccountName><![CDATA[Access Control Assistance Operators]]></SamAccountName><Type><![CDATA[Unknown]]></Type><NetBIOSDomainName/><DnsDomainName/><UPN/></Group><Group><Sid/><SamAccountName><![CDATA[Account Operators]]></SamAccountName><Type><![CDATA[Unknown]]></Type><NetBIOSDomainName/><DnsDomainName/><UPN/></Group><Group><Sid/><SamAccountName><![CDATA[Administrators]]></SamAccountName><Type><![CDATA[Unknown]]></Type><NetBIOSDomainName/><DnsDomainName/><UPN/></Group><Group><Sid/><SamAccountName><![CDATA[ANONYMOUS LOGON]]></SamAccountName><Type><![CDATA[Unknown]]></Type><NetBIOSDomainName/><DnsDomainName/><UPN/></Group><Group><Sid/><SamAccountName><![CDATA[Authenticated Users]]></SamAccountName><Type><![CDATA[Unknown]]></Type><NetBIOSDomainName/><DnsDomainName/><UPN/></Group><Group><Sid/><SamAccountName><![CDATA[Authentication authority asserted identity]]></SamAccountName><Type><![CDATA[Unknown]]></Type><NetBIOSDomainName/><DnsDomainName/><UPN/></Group><Group><Sid/><SamAccountName><![CDATA[Backup Operators]]></SamAccountName><Type><![CDATA[Unknown]]></Type><NetBIOSDomainName/><DnsDomainName/><UPN/></Group><Group><Sid/><SamAccountName><![CDATA[BATCH]]></SamAccountName><Type><![CDATA[Unknown]]></Type><NetBIOSDomainName/><DnsDomainName/><UPN/></Group><Group><Sid/><SamAccountName><![CDATA[CONSOLE LOGON]]></SamAccountName><Type><![CDATA[Unknown]]></Type><NetBIOSDomainName/><DnsDomainName/><UPN/></Group><Group><Sid/><SamAccountName><![CDATA[Everyone]]></SamAccountName><Type><![CDATA[Unknown]]></Type><NetBIOSDomainName/><DnsDomainName/><UPN/></Group><Group><Sid/><SamAccountName><![CDATA[Remote Desktop Users]]></SamAccountName><Type><![CDATA[Unknown]]></Type><NetBIOSDomainName/><DnsDomainName/><UPN/></Group><Group><Sid/><SamAccountName><![CDATA[Remote Management Users]]></SamAccountName><Type><![CDATA[Unknown]]></Type><NetBIOSDomainName/><DnsDomainName/><UPN/></Group><Group><Sid/><SamAccountName><![CDATA[Event Log Readers]]></SamAccountName><Type><![CDATA[Unknown]]></Type><NetBIOSDomainName/><DnsDomainName/><UPN/></Group><Group><Sid/><SamAccountName><![CDATA[Guests]]></SamAccountName><Type><![CDATA[Unknown]]></Type><NetBIOSDomainName/><DnsDomainName/><UPN/></Group><Group><Sid/><SamAccountName><![CDATA[Hyper-V Administrators]]></SamAccountName><Type><![CDATA[Unknown]]></Type><NetBIOSDomainName/><DnsDomainName/><UPN/></Group><Group><Sid/><SamAccountName><![CDATA[IIS_IUSRS]]></SamAccountName><Type><![CDATA[Unknown]]></Type><NetBIOSDomainName/><DnsDomainName/><UPN/></Group><Group><Sid/><SamAccountName><![CDATA[Incoming Forest Trust Builders]]></SamAccountName><Type><![CDATA[Unknown]]></Type><NetBIOSDomainName/><DnsDomainName/><UPN/></Group><Group><Sid/><SamAccountName><![CDATA[INTERACTIVE]]></SamAccountName><Type><![CDATA[Unknown]]></Type><NetBIOSDomainName/><DnsDomainName/><UPN/></Group><Group><Sid/><SamAccountName><![CDATA[IUSR]]></SamAccountName><Type><![CDATA[Unknown]]></Type><NetBIOSDomainName/><DnsDomainName/><UPN/></Group><Group><Sid/><SamAccountName><![CDATA[LOCAL SERVICE]]></SamAccountName><Type><![CDATA[Unknown]]></Type><NetBIOSDomainName/><DnsDomainName/><UPN/></Group><Group><Sid/><SamAccountName><![CDATA[NETWORK]]></SamAccountName><Type><![CDATA[Unknown]]></Type><NetBIOSDomainName/><DnsDomainName/><UPN/></Group><Group><Sid/><SamAccountName><![CDATA[NETWORK SERVICE]]></SamAccountName><Type><![CDATA[Unknown]]></Type><NetBIOSDomainName/><DnsDomainName/><UPN/></Group><Group><Sid/><SamAccountName><![CDATA[SERVICE]]></SamAccountName><Type><![CDATA[Unknown]]></Type><NetBIOSDomainName/><DnsDomainName/><UPN/></Group><Group><Sid/><SamAccountName><![CDATA[SYSTEM]]></SamAccountName><Type><![CDATA[Unknown]]></Type><NetBIOSDomainName/><DnsDomainName/><UPN/></Group><Group><Sid/><SamAccountName><![CDATA[This Organization]]></SamAccountName><Type><![CDATA[Unknown]]></Type><NetBIOSDomainName/><DnsDomainName/><UPN/></Group><Group><Sid/><SamAccountName><![CDATA[Users]]></SamAccountName><Type><![CDATA[Unknown]]></Type><NetBIOSDomainName/><DnsDomainName/><UPN/></Group><Group><Sid><![CDATA[S-1-5-21-307387709-2588240515-3529492780-500]]></Sid><SamAccountName><![CDATA[Administrator]]></SamAccountName><Type><![CDATA[User]]></Type><NetBIOSDomainName><![CDATA[cs]]></NetBIOSDomainName><DnsDomainName><![CDATA[cs.org]]></DnsDomainName><UPN><![CDATA[Administrator@cs.org]]></UPN></Group><Group><Sid><![CDATA[S-1-5-21-307387709-2588240515-3529492780-515]]></Sid><SamAccountName><![CDATA[Domain Computers]]></SamAccountName><Type><![CDATA[GlobalGroup]]></Type><NetBIOSDomainName><![CDATA[cs]]></NetBIOSDomainName><DnsDomainName><![CDATA[cs.org]]></DnsDomainName><UPN><![CDATA[Domain Computers@cs.org]]></UPN></Group><Group><Sid><![CDATA[S-1-5-21-307387709-2588240515-3529492780-516]]></Sid><SamAccountName><![CDATA[Domain Controllers]]></SamAccountName><Type><![CDATA[GlobalGroup]]></Type><NetBIOSDomainName><![CDATA[cs]]></NetBIOSDomainName><DnsDomainName><![CDATA[cs.org]]></DnsDomainName><UPN><![CDATA[Domain Controllers@cs.org]]></UPN></Group><Group><Sid><![CDATA[S-1-5-21-307387709-2588240515-3529492780-519]]></Sid><SamAccountName><![CDATA[Enterprise Admins]]></SamAccountName><Type><![CDATA[UniversalGroup]]></Type><NetBIOSDomainName><![CDATA[cs]]></NetBIOSDomainName><DnsDomainName><![CDATA[cs.org]]></DnsDomainName><UPN><![CDATA[Enterprise Admins@cs.org]]></UPN></Group><Group><Sid><![CDATA[S-1-5-21-307387709-2588240515-3529492780-512]]></Sid><SamAccountName><![CDATA[Domain Admins]]></SamAccountName><Type><![CDATA[GlobalGroup]]></Type><NetBIOSDomainName><![CDATA[cs]]></NetBIOSDomainName><DnsDomainName><![CDATA[cs.org]]></DnsDomainName><UPN><![CDATA[Domain Admins@cs.org]]></UPN></Group><Group><Sid><![CDATA[S-1-5-21-307387709-2588240515-3529492780-513]]></Sid><SamAccountName><![CDATA[Domain Users]]></SamAccountName><Type><![CDATA[GlobalGroup]]></Type><NetBIOSDomainName><![CDATA[cs]]></NetBIOSDomainName><DnsDomainName><![CDATA[cs.org]]></DnsDomainName><UPN><![CDATA[Domain Users@cs.org]]></UPN></Group><Group><Sid><![CDATA[S-1-5-21-307387709-2588240515-3529492780-514]]></Sid><SamAccountName><![CDATA[Domain Guests]]></SamAccountName><Type><![CDATA[GlobalGroup]]></Type><NetBIOSDomainName><![CDATA[cs]]></NetBIOSDomainName><DnsDomainName><![CDATA[cs.org]]></DnsDomainName><UPN><![CDATA[Domain Guests@cs.org]]></UPN></Group><Group><Sid><![CDATA[S-1-5-21-307387709-2588240515-3529492780-520]]></Sid><SamAccountName><![CDATA[Group Policy Creator Owners]]></SamAccountName><Type><![CDATA[GlobalGroup]]></Type><NetBIOSDomainName><![CDATA[cs]]></NetBIOSDomainName><DnsDomainName><![CDATA[cs.org]]></DnsDomainName><UPN><![CDATA[Group Policy Creator Owners@cs.org]]></UPN></Group><Group><Sid><![CDATA[S-1-5-21-307387709-2588240515-3529492780-521]]></Sid><SamAccountName><![CDATA[Read-only Domain Controllers]]></SamAccountName><Type><![CDATA[GlobalGroup]]></Type><NetBIOSDomainName><![CDATA[cs]]></NetBIOSDomainName><DnsDomainName><![CDATA[cs.org]]></DnsDomainName><UPN><![CDATA[Read-only Domain Controllers@cs.org]]></UPN></Group></SecurityGroups><FilePaths/><GroupPolicyCoreSettings><ID><![CDATA[{31B2F340-016D-11D2-945F-00C04FB984F9}]]></ID><Domain><![CDATA[cs.org]]></Domain><SecurityDescriptor>01 00 04 9c 00 00 00 00 00 00 00 00 00 00 00 00 14 00 00 00 04 00 34 01 0a 00 00 00 00 00 24 00 bd 00 0e 00 01 05 00 00 00 00 00 05 15 00 00 00 3d 5d 52 12 83 6a 45 9a 2c c9 5f d2 00 02 00 00 00 0a 24 00 ff 00 0f 00 01 05 00 00 00 00 00 05 15 00 00 00 3d 5d 52 12 83 6a 45 9a 2c c9 5f d2 00 02 00 00 00 00 24 00 bd 00 0e 00 01 05 00 00 00 00 00 05 15 00 00 00 3d 5d 52 12 83 6a 45 9a 2c c9 5f d2 07 02 00 00 00 0a 24 00 ff 00 0f 00 01 05 00 00 00 00 00 05 15 00 00 00 3d 5d 52 12 83 6a 45 9a 2c c9 5f d2 07 02 00 00 00 00 24 00 bd 00 0e 00 01 05 00 00 00 00 00 05 15 00 00 00 3d 5d 52 12 83 6a 45 9a 2c c9 5f d2 00 02 00 00 00 0a 14 00 ff 00 0f 00 01 01 00 00 00 00 00 03 00 00 00 00 00 02 14 00 ff 00 0f 00 01 01 00 00 00 00 00 05 12 00 00 00 00 02 14 00 94 00 02 00 01 01 00 00 00 00 00 05 0b 00 00 00 05 02 28 00 00 01 00 00 01 00 00 00 8f fd ac ed b3 ff d1 11 b4 1d 00 a0 c9 68 f9 39 01 01 00 00 00 00 00 05 0b 00 00 00 00 02 14 00 94 00 02 00 01 01 00 00 00 00 00 05 09 00 00 00</SecurityDescriptor><DisplayName><![CDATA[Default Domain Policy]]></DisplayName><Options><![CDATA[0]]></Options><UserVersionNumber><![CDATA[1441814]]></UserVersionNumber><MachineVersionNumber><![CDATA[12124345]]></MachineVersionNumber><MachineExtensionGuids><![CDATA[[{00000000-0000-0000-0000-000000000000}{3BAE7E51-E3F4-41D0-853D-9BB9FD47605F}{CC5746A9-9B74-4BE5-AE2E-64379C86E0E4}{CEFFA6E2-E3BD-421B-852C-6F6A79A59BC1}][{35378EAC-683F-11D2-A89A-00C04FBBCFA2}{53D6AB1B-2488-11D1-A28C-00C04FB94F17}{D02B1F72-3407-48AE-BA88-E8213C6761F1}][{7150F9BF-48AD-4DA4-A49C-29EF4A8369BA}{3BAE7E51-E3F4-41D0-853D-9BB9FD47605F}][{827D319E-6EAC-11D2-A4EA-00C04F79F83A}{803E14A0-B4FB-11D0-A0D0-00A0C90F574B}][{91FBB303-0CD5-4055-BF42-E512A681B325}{CC5746A9-9B74-4BE5-AE2E-64379C86E0E4}][{B1BE8D72-6EAC-11D2-A4EA-00C04F79F83A}{53D6AB1B-2488-11D1-A28C-00C04FB94F17}][{C418DD9D-0D14-4EFB-8FBF-CFE535C8FAC7}{CEFFA6E2-E3BD-421B-852C-6F6A79A59BC1}]]]></MachineExtensionGuids><UserExtensionGuids><![CDATA[[{00000000-0000-0000-0000-000000000000}{3BAE7E51-E3F4-41D0-853D-9BB9FD47605F}{3BFAE46A-7F3A-467B-8CEA-6AA34DC71F53}{CEFFA6E2-E3BD-421B-852C-6F6A79A59BC1}][{35378EAC-683F-11D2-A89A-00C04FBBCFA2}{D02B1F73-3407-48AE-BA88-E8213C6761F1}][{7150F9BF-48AD-4DA4-A49C-29EF4A8369BA}{3BAE7E51-E3F4-41D0-853D-9BB9FD47605F}][{A3F3E39B-5D83-4940-B954-28315B82F0A8}{3BFAE46A-7F3A-467B-8CEA-6AA34DC71F53}][{C418DD9D-0D14-4EFB-8FBF-CFE535C8FAC7}{CEFFA6E2-E3BD-421B-852C-6F6A79A59BC1}]]]></UserExtensionGuids><WMIFilter/></GroupPolicyCoreSettings> 
        <GroupPolicyExtension bkp:ID="{35378EAC-683F-11D2-A89A-00C04FBBCFA2}" bkp:DescName="Registry">
            <FSObjectFile bkp:Path="%GPO_MACH_FSPATH%\registry.pol" bkp:SourceExpandedPath="\\ADTEST1.cs.org\sysvol\cs.org\Policies\{31B2F340-016D-11D2-945F-00C04FB984F9}\Machine\registry.pol" bkp:Location="DomainSysvol\GPO\Machine\registry.pol"/>
            <FSObjectFile bkp:Path="%GPO_USER_FSPATH%\registry.pol" bkp:SourceExpandedPath="\\ADTEST1.cs.org\sysvol\cs.org\Policies\{31B2F340-016D-11D2-945F-00C04FB984F9}\User\registry.pol" bkp:Location="DomainSysvol\GPO\User\registry.pol"/>
            <FSObjectFile bkp:Path="%GPO_FSPATH%\Adm\*.*" bkp:SourceExpandedPath="\\ADTEST1.cs.org\sysvol\cs.org\Policies\{31B2F340-016D-11D2-945F-00C04FB984F9}\Adm\*.*"/>
        </GroupPolicyExtension>
        
        
        
        
        <GroupPolicyExtension bkp:ID="{827D319E-6EAC-11D2-A4EA-00C04F79F83A}" bkp:DescName="Security">
            <FSObjectFile bkp:Path="%GPO_MACH_FSPATH%\microsoft\windows nt\SecEdit\GptTmpl.inf" bkp:SourceExpandedPath="\\ADTEST1.cs.org\sysvol\cs.org\Policies\{31B2F340-016D-11D2-945F-00C04FB984F9}\Machine\microsoft\windows nt\SecEdit\GptTmpl.inf" bkp:ReEvaluateFunction="SecurityValidateSettings" bkp:Location="DomainSysvol\GPO\Machine\microsoft\windows nt\SecEdit\GptTmpl.inf"/>
        </GroupPolicyExtension>
        
        
        
        
    <GroupPolicyExtension bkp:ID="{F15C46CD-82A0-4C2D-A210-5D0D3182A418}" bkp:DescName="Unknown Extension"><FSObjectFile bkp:Path="%GPO_MACH_FSPATH%\comment.cmtx" bkp:SourceExpandedPath="\\ADTEST1.cs.org\sysvol\cs.org\Policies\{31B2F340-016D-11D2-945F-00C04FB984F9}\MACHINE\comment.cmtx" bkp:Location="DomainSysvol\GPO\Machine\comment.cmtx"/><FSObjectDir bkp:Path="%GPO_MACH_FSPATH%\Microsoft" bkp:SourceExpandedPath="\\ADTEST1.cs.org\sysvol\cs.org\Policies\{31B2F340-016D-11D2-945F-00C04FB984F9}\MACHINE\Microsoft" bkp:Location="DomainSysvol\GPO\Machine\Microsoft"/><FSObjectDir bkp:Path="%GPO_MACH_FSPATH%\Microsoft\Windows NT" bkp:SourceExpandedPath="\\ADTEST1.cs.org\sysvol\cs.org\Policies\{31B2F340-016D-11D2-945F-00C04FB984F9}\MACHINE\Microsoft\Windows NT" bkp:Location="DomainSysvol\GPO\Machine\Microsoft\Windows NT"/><FSObjectDir bkp:Path="%GPO_MACH_FSPATH%\Microsoft\Windows NT\SecEdit" bkp:SourceExpandedPath="\\ADTEST1.cs.org\sysvol\cs.org\Policies\{31B2F340-016D-11D2-945F-00C04FB984F9}\MACHINE\Microsoft\Windows NT\SecEdit" bkp:Location="DomainSysvol\GPO\Machine\Microsoft\Windows NT\SecEdit"/><FSObjectDir bkp:Path="%GPO_MACH_FSPATH%\Preferences" bkp:SourceExpandedPath="\\ADTEST1.cs.org\sysvol\cs.org\Policies\{31B2F340-016D-11D2-945F-00C04FB984F9}\MACHINE\Preferences" bkp:Location="DomainSysvol\GPO\Machine\Preferences"/><FSObjectDir bkp:Path="%GPO_MACH_FSPATH%\Preferences\Files" bkp:SourceExpandedPath="\\ADTEST1.cs.org\sysvol\cs.org\Policies\{31B2F340-016D-11D2-945F-00C04FB984F9}\MACHINE\Preferences\Files" bkp:Location="DomainSysvol\GPO\Machine\Preferences\Files"/><FSObjectFile bkp:Path="%GPO_MACH_FSPATH%\Preferences\Files\Files.xml" bkp:SourceExpandedPath="\\ADTEST1.cs.org\sysvol\cs.org\Policies\{31B2F340-016D-11D2-945F-00C04FB984F9}\MACHINE\Preferences\Files\Files.xml" bkp:Location="DomainSysvol\GPO\Machine\Preferences\Files\Files.xml"/><FSObjectDir bkp:Path="%GPO_MACH_FSPATH%\Preferences\Services" bkp:SourceExpandedPath="\\ADTEST1.cs.org\sysvol\cs.org\Policies\{31B2F340-016D-11D2-945F-00C04FB984F9}\MACHINE\Preferences\Services" bkp:Location="DomainSysvol\GPO\Machine\Preferences\Services"/><FSObjectFile bkp:Path="%GPO_MACH_FSPATH%\Preferences\Services\Services.xml" bkp:SourceExpandedPath="\\ADTEST1.cs.org\sysvol\cs.org\Policies\{31B2F340-016D-11D2-945F-00C04FB984F9}\MACHINE\Preferences\Services\Services.xml" bkp:Location="DomainSysvol\GPO\Machine\Preferences\Services\Services.xml"/><FSObjectDir bkp:Path="%GPO_MACH_FSPATH%\Preferences\Shortcuts" bkp:SourceExpandedPath="\\ADTEST1.cs.org\sysvol\cs.org\Policies\{31B2F340-016D-11D2-945F-00C04FB984F9}\MACHINE\Preferences\Shortcuts" bkp:Location="DomainSysvol\GPO\Machine\Preferences\Shortcuts"/><FSObjectFile bkp:Path="%GPO_MACH_FSPATH%\Preferences\Shortcuts\Shortcuts.xml" bkp:SourceExpandedPath="\\ADTEST1.cs.org\sysvol\cs.org\Policies\{31B2F340-016D-11D2-945F-00C04FB984F9}\MACHINE\Preferences\Shortcuts\Shortcuts.xml" bkp:Location="DomainSysvol\GPO\Machine\Preferences\Shortcuts\Shortcuts.xml"/><FSObjectDir bkp:Path="%GPO_MACH_FSPATH%\Scripts" bkp:SourceExpandedPath="\\ADTEST1.cs.org\sysvol\cs.org\Policies\{31B2F340-016D-11D2-945F-00C04FB984F9}\MACHINE\Scripts" bkp:Location="DomainSysvol\GPO\Machine\Scripts"/><FSObjectDir bkp:Path="%GPO_MACH_FSPATH%\Scripts\Shutdown" bkp:SourceExpandedPath="\\ADTEST1.cs.org\sysvol\cs.org\Policies\{31B2F340-016D-11D2-945F-00C04FB984F9}\MACHINE\Scripts\Shutdown" bkp:Location="DomainSysvol\GPO\Machine\Scripts\Shutdown"/><FSObjectDir bkp:Path="%GPO_MACH_FSPATH%\Scripts\Startup" bkp:SourceExpandedPath="\\ADTEST1.cs.org\sysvol\cs.org\Policies\{31B2F340-016D-11D2-945F-00C04FB984F9}\MACHINE\Scripts\Startup" bkp:Location="DomainSysvol\GPO\Machine\Scripts\Startup"/><FSObjectFile bkp:Path="%GPO_USER_FSPATH%\comment.cmtx" bkp:SourceExpandedPath="\\ADTEST1.cs.org\sysvol\cs.org\Policies\{31B2F340-016D-11D2-945F-00C04FB984F9}\USER\comment.cmtx" bkp:Location="DomainSysvol\GPO\User\comment.cmtx"/><FSObjectDir bkp:Path="%GPO_USER_FSPATH%\Preferences" bkp:SourceExpandedPath="\\ADTEST1.cs.org\sysvol\cs.org\Policies\{31B2F340-016D-11D2-945F-00C04FB984F9}\USER\Preferences" bkp:Location="DomainSysvol\GPO\User\Preferences"/><FSObjectDir bkp:Path="%GPO_USER_FSPATH%\Preferences\Files" bkp:SourceExpandedPath="\\ADTEST1.cs.org\sysvol\cs.org\Policies\{31B2F340-016D-11D2-945F-00C04FB984F9}\USER\Preferences\Files" bkp:Location="DomainSysvol\GPO\User\Preferences\Files"/><FSObjectFile bkp:Path="%GPO_USER_FSPATH%\Preferences\Files\Files.xml" bkp:SourceExpandedPath="\\ADTEST1.cs.org\sysvol\cs.org\Policies\{31B2F340-016D-11D2-945F-00C04FB984F9}\USER\Preferences\Files\Files.xml" bkp:Location="DomainSysvol\GPO\User\Preferences\Files\Files.xml"/><FSObjectDir bkp:Path="%GPO_USER_FSPATH%\Preferences\FolderOptions" bkp:SourceExpandedPath="\\ADTEST1.cs.org\sysvol\cs.org\Policies\{31B2F340-016D-11D2-945F-00C04FB984F9}\USER\Preferences\FolderOptions" bkp:Location="DomainSysvol\GPO\User\Preferences\FolderOptions"/><FSObjectFile bkp:Path="%GPO_USER_FSPATH%\Preferences\FolderOptions\FolderOptions.xml" bkp:SourceExpandedPath="\\ADTEST1.cs.org\sysvol\cs.org\Policies\{31B2F340-016D-11D2-945F-00C04FB984F9}\USER\Preferences\FolderOptions\FolderOptions.xml" bkp:Location="DomainSysvol\GPO\User\Preferences\FolderOptions\FolderOptions.xml"/><FSObjectDir bkp:Path="%GPO_USER_FSPATH%\Preferences\Shortcuts" bkp:SourceExpandedPath="\\ADTEST1.cs.org\sysvol\cs.org\Policies\{31B2F340-016D-11D2-945F-00C04FB984F9}\USER\Preferences\Shortcuts" bkp:Location="DomainSysvol\GPO\User\Preferences\Shortcuts"/><FSObjectFile bkp:Path="%GPO_USER_FSPATH%\Preferences\Shortcuts\Shortcuts.xml" bkp:SourceExpandedPath="\\ADTEST1.cs.org\sysvol\cs.org\Policies\{31B2F340-016D-11D2-945F-00C04FB984F9}\USER\Preferences\Shortcuts\Shortcuts.xml" bkp:Location="DomainSysvol\GPO\User\Preferences\Shortcuts\Shortcuts.xml"/></GroupPolicyExtension></GroupPolicyObject>
</GroupPolicyBackupScheme>